district,medianhouseholdincome,meanhouseholdincome,medianfamilyincome,meanfamilyincome
Abbott Independent School District,53333,68922,63750,80679
Abernathy Independent School District,51042,59134,52298,62203
Abilene Independent School District,41885,54891,51064,64122
Academy Independent School District,68636,84928,77132,94716
Adrian Independent School District,57917,103571,83125,140950
Agua Dulce Independent School District,61741,80402,68542,83099
Alamo Heights Independent School District,84688,141207,125605,188294
Alba-Golden Independent School District,49281,63289,56469,78030
Albany Independent School District,50482,58030,57250,68502
Aldine Independent School District,37924,47580,40387,49741
Aledo Independent School District,107644,134345,115883,146938
Alice Independent School District,40230,62159,50596,72211
Alief Independent School District,38354,52858,41470,57481
Allen Independent School District,100468,120973,110192,130410
Alpine Independent School District,38791,59644,53828,79077
Alto Independent School District,27721,47350,34111,58287
Alvarado Independent School District,53717,63188,56963,68355
Alvin Independent School District,70813,92400,83209,103265
Alvord Independent School District,56903,80277,70375,88932
Amarillo Independent School District,45952,63505,55244,74392
Amherst Independent School District,46667,53971,52727,63171
Anahuac Independent School District,41083,65385,51528,72679
Anderson-Shiro Consolidated Independent School District,41439,63759,59483,77955
Andrews Independent School District,70121,87591,80703,99490
Angleton Independent School District,60407,71534,68516,78633
Anna Independent School District,75839,82764,76887,83133
Anson Independent School District,57829,76120,69390,90504
Anthony Independent School District,37563,47510,39957,49820
Anton Independent School District,37115,55779,47679,65077
Apple Springs Independent School District,45714,49742,53917,56689
Aquilla Independent School District,50000,55210,54643,58327
Aransas County Independent School District,46906,71964,57733,81442
Aransas Pass Independent School District,41422,64597,50366,69006
Archer City Independent School District,44886,56572,51736,64584
Argyle Independent School District,115143,169466,129119,180597
Arlington Independent School District,51789,68822,59967,79142
Arp Independent School District,44306,58873,61824,68881
Aspermont Independent School District,47308,58926,76528,77358
Athens Independent School District,42745,64765,51864,69622
Atlanta Independent School District,36296,53011,48795,62576
Aubrey Independent School District,82575,89605,88899,94708
Austin Independent School District,59614,84421,75515,104153
Austwell-Tivoli Independent School District,42007,70163,51625,83063
Avalon Independent School District,53125,60182,67875,70519
Avery Independent School District,32863,51391,47609,66153
Avinger Independent School District,44205,55229,59375,68435
Axtell Independent School District,48162,59658,51506,63933
Azle Independent School District,63185,88416,75906,98334
Baird Independent School District,43445,51633,55156,62282
Ballinger Independent School District,37589,57096,42426,65818
Balmorhea Independent School District,41591,51338,55417,67647
Bandera Independent School District,55221,66846,67358,77096
Bangs Independent School District,46496,56211,53882,69604
Banquete Independent School District,59231,73745,73214,83112
Barbers Hill Independent School District,99087,107462,111768,115201
Bartlett Independent School District,36190,50812,45043,59917
Bastrop Independent School District,56663,74791,66860,83201
Bay City Independent School District,44827,62717,48340,71493
Beaumont Independent School District,42659,62601,53350,75079
Beckville Independent School District,60840,70025,68277,76902
Beeville Independent School District,42663,59399,46705,64770
Bellevue Independent School District,37250,53811,48750,65317
Bells Independent School District,54375,69748,61875,75432
Bellville Independent School District,52435,72601,75417,87308
Belton Independent School District,63915,83726,73699,97139
Ben Bolt-Palito Blanco Independent School District,53986,72168,57782,80803
Benavides Independent School District,30956,58718,38621,75722
Benjamin Independent School District,36875,47690,49500,56050
Big Sandy Independent School District (Polk County),47228,61471,60391,71970
Big Sandy Independent School District (Upshur County),48080,53544,52037,59114
Big Sandy Independent School District (Wood County),48080,53544,52037,59114
Big Spring Independent School District,48551,64215,56313,74388
Birdville Independent School District,57891,72417,66332,81788
Bishop Consolidated Independent School District,49597,58075,65578,66950
Blackwell Consolidated Independent School District,46625,95918,66500,120569
Blanco Independent School District,62406,86174,77337,97905
Bland Independent School District,70000,76800,77072,81686
Blanket Independent School District,43417,55342,59659,69542
Bloomburg Independent School District,42375,50213,52500,55425
Blooming Grove Independent School District,42688,51867,51184,57283
Bloomington Independent School District,43002,49134,43975,54413
Blue Ridge Independent School District,55529,72382,62500,80173
Bluff Dale Independent School District,58750,71076,67500,80084
Blum Independent School District,47679,58312,60000,68696
Boerne Independent School District,89216,118849,101020,132687
Boles Independent School District,43750,55504,45972,51090
Boling Independent School District,46910,57188,53810,68000
Bonham Independent School District,40973,54598,50681,65185
Booker Independent School District,63906,77537,71528,87102
Borden County Independent School District,77986,124727,88750,149403
Borger Independent School District,49528,63168,60994,70570
Bosqueville Independent School District,61250,72665,76083,89687
Bovina Independent School District,42115,52166,47102,56387
Bowie Independent School District,47816,59347,55683,70192
Boyd Independent School District,51061,64182,52596,71697
Boys Ranch Independent School District,116000,105223,129063,128471
Brackett Independent School District,34398,47415,40625,57561
Brady Independent School District,39458,49978,41229,54478
Brazos Independent School District,48364,60038,55156,68175
Brazosport Independent School District,60896,77272,72092,88894
Breckenridge Independent School District,45250,58498,52000,67811
Bremond Independent School District,56449,64881,73125,83252
Brenham Independent School District,52172,67879,62617,74363
Bridge City Independent School District,65052,74930,69529,81359
Bridgeport Independent School District,50429,65082,62353,73329
Broaddus Independent School District,28529,57107,42069,78551
Brock Independent School District,79042,91930,91779,106167
Bronte Independent School District,37153,51023,55750,66528
Brookeland Independent School District,58214,67112,73750,79348
Brookesmith Independent School District,60234,73501,72697,82311
Brooks County Independent School District,24913,42668,29728,49059
Brownfield Independent School District,39063,64729,43834,76742
Brownsboro Independent School District,45994,61327,55810,68876
Brownsville Independent School District,31601,46782,35375,49787
Brownwood Independent School District,38125,54909,48191,63516
Bruceville-Eddy Independent School District,47719,61205,52841,67645
Bryan Independent School District,44487,63319,56030,74350
Bryson Independent School District,40128,59891,46750,70656
Buckholts Independent School District,31705,48940,42143,56282
Buena Vista Independent School District,72500,74361,72500,75022
Buffalo Independent School District,50714,63817,59201,68475
Bullard Independent School District,62232,82847,80172,96696
Buna Independent School District,46653,57353,57500,67189
Burkburnett Independent School District,54976,64235,64177,72119
Burkeville Independent School District,39375,56867,53484,67950
Burleson Independent School District,72548,84145,81534,91850
Burnet Consolidated Independent School District,55351,69933,62452,80059
Burton Independent School District,58629,66570,74146,81693
Bushland Independent School District,89107,103747,117500,123067
Bynum Independent School District,51875,57608,53125,60568
Caddo Mills Independent School District,56908,72872,75078,83616
Calallen Independent School District,77868,103872,87634,114988
Caldwell Independent School District,55735,70910,70442,84150
Calhoun County Independent School District,54167,66127,64034,75619
Callisburg Independent School District,70895,91662,87721,104627
Calvert Independent School District,32250,41768,32188,42648
Cameron Independent School District,35269,52776,54526,68792
Campbell Independent School District,45000,61325,50703,66706
Canadian Independent School District,67083,82566,68348,86983
Canton Independent School District,46158,64788,68167,82766
Canutillo Independent School District,51706,71057,53810,72193
Canyon Independent School District,69316,83376,83973,96543
Carlisle Independent School District,41750,57043,47464,61979
Carrizo Springs Consolidated Independent School District,32204,54900,40625,57813
Carroll Independent School District,184344,250768,194604,258739
Carrollton-Farmers Branch Independent School District,62336,80215,72641,91777
Carthage Independent School District,49873,64505,57619,76947
Castleberry Independent School District,38056,50101,47301,55253
Cayuga Independent School District,55972,60491,63443,69432
Cedar Hill Independent School District,66023,77144,76004,86370
Celeste Independent School District,51295,64508,60284,71784
Celina Independent School District,93172,106427,104167,116827
Center Independent School District,31965,47495,41888,54924
Center Point Independent School District,52193,94966,59133,108604
Centerville Independent School District (Leon County),49643,63635,68839,72674
Centerville Independent School District (Trinity County),47500,75278,56875,87035
Central Heights Independent School District,63008,68834,76250,75721
Central Independent School District,52800,58647,56441,64869
Channelview Independent School District,54967,65035,55764,64280
Channing Independent School District,43214,50782,47656,51933
Chapel Hill Independent School District (Smith County),45852,66716,56798,76435
Chapel Hill Independent School District (Titus County),57589,76601,66766,82614
Charlotte Independent School District,30385,46121,35729,53833
Cherokee Independent School District,50114,78748,63393,72539
Chester Independent School District,46932,64781,62188,75503
Chico Independent School District,49347,65334,57588,66662
Childress Independent School District,37229,51388,53250,61031
Chillicothe Independent School District,48988,59963,52163,66266
Chilton Independent School District,42981,47732,44831,57509
China Spring Independent School District,72553,92535,87050,103050
Chireno Independent School District,41083,58372,54342,71050
Chisum Independent School District,46078,65858,50278,70403
Christoval Independent School District,74500,94512,76991,105562
Cisco Independent School District,37034,48572,42188,56961
City View Independent School District,49481,54837,57695,58875
Clarendon Independent School District,41164,56169,53403,63724
Clarksville Independent School District,32240,45722,39408,50956
Claude Independent School District,64886,74636,79688,88508
Clear Creek Independent School District,81306,103428,100240,119099
Cleburne Independent School District,51946,66247,58710,74830
Cleveland Independent School District,40541,52623,45076,55655
Clifton Independent School District,45453,66218,56364,78483
Clint Independent School District,38436,45344,38522,46230
Clyde Consolidated Independent School District,46576,64263,64664,85415
Coahoma Independent School District,56625,70364,72170,86412
Coldspring-Oakhurst Consolidated Independent School District,48452,64477,59632,75728
Coleman Independent School District,42686,59234,46913,70321
College Station Independent School District,39225,65904,74697,99408
Collinsville Independent School District,57083,71550,59922,77994
Colmesneil Independent School District,46181,54692,54471,62616
Colorado Independent School District,51409,60856,62026,71955
Columbia-Brazoria Independent School District,55574,70017,62820,78598
Columbus Independent School District,41909,62188,48912,71646
Comal Independent School District,77976,99577,89442,109441
Comanche Independent School District,38926,51493,46315,61183
Comfort Independent School District,59879,70860,71938,79981
Commerce Independent School District,28292,50455,57885,69596
Community Independent School District,73716,84207,77556,89310
Como-Pickton Consolidated Independent School District,42841,53677,50417,61773
Comstock Independent School District,53750,72384,92750,81259
Connally Independent School District,33814,49432,40742,54000
Conroe Independent School District,73849,107865,90479,124543
Coolidge Independent School District,29306,41815,31765,45922
Cooper Independent School District,41887,53228,51346,62132
Coppell Independent School District,120886,148186,133279,161671
Copperas Cove Independent School District,52457,64220,61483,70462
Corpus Christi Independent School District,50157,66137,59546,75425
Corrigan-Camden Independent School District,39159,60132,44432,68330
Corsicana Independent School District,41773,56803,46387,62626
Cotton Center Independent School District,34688,48754,50833,58520
Cotulla Independent School District,37406,76183,44821,80712
Coupland Independent School District,75000,101966,73750,101911
Covington Independent School District,47303,68407,55795,77461
Crandall Independent School District,64621,74724,72578,81281
Crane Independent School District,60133,75704,75175,87690
Cranfills Gap Independent School District,49185,65148,65625,77460
Crawford Independent School District,72500,82266,79223,89621
Crockett County Consolidated Common School District,50646,63013,56910,75499
Crockett Independent School District,26689,40711,38258,53058
Crosby Independent School District,61922,77586,63629,83155
Crosbyton Consolidated Independent School District,36653,51377,43750,60911
Cross Plains Independent School District,32004,49317,51144,65014
Cross Roads Independent School District,48086,63791,49671,68267
Crowell Independent School District,47898,52928,54375,62278
Crowley Independent School District,61709,75524,71713,86150
Crystal City Independent School District,26446,37834,30847,39843
Cuero Independent School District,53224,76859,65034,83508
Culberson County-Allamoore Independent School District,33981,47380,38977,56137
Cumby Independent School District,51048,63273,62833,75728
Cushing Independent School District,54592,71365,76488,94021
Cypress-Fairbanks Independent School District,74415,96613,83784,106431
Daingerfield-Lone Star Independent School District,40352,56572,52969,63757
Dalhart Independent School District,55167,63417,64094,72428
Dallas Independent School District,44581,73980,46559,82957
Damon Independent School District,54231,60982,69773,72106
Danbury Independent School District,78029,85768,88315,92023
Darrouzett Independent School District,59792,76491,76667,87313
Dawson Independent School District,60139,61162,63750,65612
Dayton Independent School District,58504,68227,66202,77265
De Kalb Independent School District,45138,69863,52161,81823
De Leon Independent School District,34639,47196,42100,55998
Decatur Independent School District,63535,91836,67310,102263
Deer Park Independent School District,72386,86386,78165,92151
Del Valle Independent School District,41732,51961,46644,55458
Dell City Independent School District,26786,66728,58750,92567
Denison Independent School District,44129,59376,60465,72042
Denton Independent School District,61515,79603,80446,97390
Denver City Independent School District,56757,68082,70000,76488
DeSoto Independent School District,61765,74159,71856,80380
Detroit Independent School District,41458,50541,59722,61812
Devers Independent School District,54250,75802,62045,85772
Devine Independent School District,58064,64326,80500,82318
Dew Independent School District,38875,63746,73750,80318
Deweyville Independent School District,40216,48820,55000,59454
D'Hanis Independent School District,42500,76705,50625,92757
Diboll Independent School District,43652,53662,48500,56490
Dickinson Independent School District,65066,80788,80050,90066
Dilley Independent School District,45043,53612,47824,50860
Dime Box Independent School District,60451,67599,82404,81816
Dimmitt Independent School District,38689,64591,41442,70904
Divide Independent School District,67750,66048,73000,68440
Dodd City Independent School District,63594,72807,74632,81734
Donna Independent School District,27976,39646,29977,42203
Doss Consolidated Common School District,64000,90999,71875,92126
Douglass Independent School District,49722,70121,65551,78909
Dripping Springs Independent School District,110672,137248,118033,146853
Driscoll Independent School District,39539,46990,43897,49574
Dublin Independent School District,43727,56818,46318,63329
Dumas Independent School District,50575,61935,53709,66797
Duncanville Independent School District,50514,64338,58462,71780
Eagle Mt-Saginaw Independent School District,76505,90184,81171,95623
Eagle Pass Independent School District,37155,52479,41946,57123
Eanes Independent School District,131250,207293,176818,251195
Early Independent School District,48906,59884,61875,64379
East Bernard Independent School District,58750,73929,65909,80201
East Central Independent School District,59441,69265,65035,74763
East Chambers Independent School District,43378,61965,55513,74772
Eastland Independent School District,34881,72311,52639,79808
Ector County Independent School District,58335,78271,67601,85526
Ector Independent School District,51389,56986,59643,67030
Edcouch-Elsa Independent School District,24614,37510,30030,39058
Eden Consolidated Independent School District,42100,59592,55417,73183
Edgewood Independent School District (Bexar County),28066,37623,31423,40308
Edgewood Independent School District (Van Zandt County),47399,64717,57820,77586
Edinburg Consolidated Independent School District,38712,53689,41102,55728
Edna Independent School District,51179,64151,62159,75073
El Campo Independent School District,46567,67551,58785,75975
El Paso Independent School District,40389,58842,47389,67246
Electra Independent School District,38548,56440,51646,71408
Elgin Independent School District,55031,68950,68027,79847
Elgin/Giddings Independent School Districts (9-12) in McDade,55820,66262,57241,70098
Elkhart Independent School District,42583,57780,57898,66543
Elysian Fields Independent School District,46351,54161,60027,62461
Ennis Independent School District,46162,60972,54772,69899
Era Independent School District,53287,68628,64500,78210
Etoile Independent School District,40054,55124,47563,62903
Eula Independent School District,39099,52580,54514,66810
Eustace Independent School District,46940,59262,61875,69659
Evadale Independent School District,60848,69717,74091,78288
Evant Independent School District,51310,54274,60962,63175
Everman Independent School District,47117,56220,50178,58968
Excelsior Independent School District,40511,52265,41944,57798
Ezzell Independent School District,56875,87381,76429,104756
Fabens Independent School District,24926,34306,31132,37274
Fairfield Independent School District,46278,62759,60074,73589
Falls City Independent School District,76250,113885,94500,130674
Fannindel Independent School District,30938,43638,39519,51912
Farmersville Independent School District,64694,81021,70889,85800
Farwell Independent School District,50833,67186,54375,74481
Fayetteville Independent School District,46625,67400,58922,80006
Ferris Independent School District,54281,60999,60439,64627
Flatonia Independent School District,43568,67854,51932,70417
Florence Independent School District,52417,66506,56111,71924
Floresville Independent School District,62906,74067,72882,81609
Flour Bluff Independent School District,62207,79748,72486,89806
Floydada Independent School District,41500,54855,46607,61539
Follett Independent School District,60000,83099,68393,100378
Forestburg Independent School District,59219,79826,57500,76339
Forney Independent School District,89163,96894,95163,101550
Forsan Independent School District,77604,98269,81591,101001
Fort Bend Independent School District,86102,112996,94377,120916
Fort Davis Independent School District,47222,57596,60156,74300
Fort Elliott Consolidated Independent School District,62813,79985,78750,94956
Fort Hancock Independent School District,25233,34819,26919,37180
Fort Sam Houston Independent School District,62394,65742,62665,65570
Fort Stockton Independent School District,50504,60412,68429,73754
Fort Worth Independent School District,43580,65175,51034,75163
Franklin Independent School District,55772,70025,74191,81906
Frankston Independent School District,50605,72082,69155,88218
Fredericksburg Independent School District,57033,74444,70287,87178
Freer Independent School District,44599,58506,58947,63760
Frenship Independent School District,57986,76341,77072,94336
Friendswood Independent School District,110598,144782,133386,163682
Friona Independent School District,50741,63638,55466,65224
Frisco Independent School District,107195,127409,122088,140805
Frost Independent School District,41364,59129,50221,64662
Fruitvale Independent School District,40139,47879,56667,55788
Gainesville Independent School District,44605,59027,54083,66728
Galena Park Independent School District,42816,55259,46356,57419
Galveston Independent School District,42839,63990,55583,80347
Ganado Independent School District,56029,76301,69474,91965
Garland Independent School District,59065,72961,64621,78208
Garner Independent School District,60357,77107,76625,88231
Garrison Independent School District,38958,44429,50293,49851
Gary Independent School District,49946,69426,58333,70647
Gatesville Independent School District,46932,63955,58718,76093
Gause Independent School District,55000,104885,67833,119008
George West Independent School District,51625,64513,54109,70336
Georgetown Independent School District,70653,89068,85314,103342
Gholson Independent School District,60750,66985,68125,69566
Giddings Independent School District,53289,62882,61743,72946
Gilmer Independent School District,46383,64778,60855,75525
Gladewater Independent School District,41228,60398,49211,61216
Glasscock County Independent School District,62159,96623,75625,105492
Glen Rose Independent School District,50254,68108,58044,76006
Godley Independent School District,62054,74919,69597,79917
Gold-Burg Independent School District,56071,84893,75972,96245
Goldthwaite Independent School District,45864,59992,55435,71624
Goliad Independent School District,54375,77261,63257,89930
Gonzales Independent School District,48194,64520,57622,74387
Goodrich Independent School District,35256,46496,39167,54323
Goose Creek Consolidated Independent School District,53429,69109,63323,76818
Gordon Independent School District,46458,81564,62656,95743
Gorman Independent School District,31081,40634,42963,54961
Grady Independent School District,85208,103750,105833,113656
Graford Independent School District,49628,83585,60652,99748
Graham Independent School District,51165,69601,61187,79814
Granbury Independent School District,58851,79276,70064,91411
Grand Prairie Independent School District,53015,66031,57153,69939
Grand Saline Independent School District,42156,54358,50458,61875
Grandfalls-Royalty Independent School District,39167,57555,48750,64770
Grandview Independent School District,58466,69563,64375,73764
Grandview-Hopkins Independent School District,94028,109267,94028,108516
Granger Independent School District,42358,57487,61500,69402
Grape Creek Independent School District,53598,70700,56637,76443
Grapeland Independent School District,36719,52236,49808,62542
Grapevine-Colleyville Independent School District,90889,128359,117308,151337
Greenville Independent School District,40855,54182,50289,60933
Greenwood Independent School District,92388,112441,97803,121056
Gregory-Portland Independent School District,58105,79564,65225,87988
Groesbeck Independent School District,41741,55695,54052,66074
Groom Independent School District,59583,71217,86250,89515
Groveton Independent School District,35273,40933,39233,48619
Gruver Independent School District,40833,68629,53661,78729
Gunter Independent School District,70000,97384,84141,112419
Gustine Independent School District,43977,58907,51923,62751
Guthrie Common School District,56458,69344,73750,82540
Hale Center Independent School District,40351,50000,42398,55997
Hallettsville Independent School District,45019,68524,60125,82829
Hallettsville Independent School District (9-12) in Vysehrad,65000,81063,54650,86662
Hallsburg Independent School District,70455,83121,71250,90070
Hallsville Independent School District,57530,74382,66347,82635
Hamilton Independent School District,46852,65993,57791,80977
Hamlin Independent School District,40083,60240,51983,64198
Hamshire-Fannett Independent School District,67224,83904,83607,94797
Happy Independent School District,38750,52211,51397,62679
Hardin Independent School District,48006,74603,63281,88607
Hardin-Jefferson Independent School District,62416,90706,84148,109393
Harlandale Independent School District,34609,42371,39068,46097
Harleton Independent School District,43956,62616,52500,69913
Harlingen Consolidated Independent School District,39435,56146,44388,61940
Harmony Independent School District,52145,62463,61391,71255
Harper Independent School District,52346,73491,57328,82936
Harrold Independent School District,58750,62168,58750,61366
Hart Independent School District,44028,59929,47778,68407
Hartley Independent School District,48854,54585,54125,58896
Harts Bluff Independent School District,59261,82253,63750,88264
Haskell Consolidated Independent School District,44125,53069,50909,61845
Hawkins Independent School District,44010,53661,50952,63668
Hawley Independent School District,42170,55133,49375,65315
Hays Consolidated Independent School District,72021,82001,76634,86555
Hearne Independent School District,47804,51986,52744,56887
Hedley Independent School District,38516,48620,53958,60435
Hemphill Independent School District,32755,48748,41425,55484
Hempstead Independent School District,41169,53105,52143,61916
Henderson Independent School District,44869,65465,54120,77624
Henrietta Independent School District,42634,69382,59281,83194
Hereford Independent School District,46842,58219,53030,64569
Hermleigh Independent School District,67188,83413,73438,89979
Hico Independent School District,36133,54234,51250,65705
Hidalgo Independent School District,36875,43425,41164,45661
Higgins Independent School District,51111,68738,63125,78469
High Island Independent School District,64438,71323,73810,82780
Highland Independent School District,70625,86305,75833,90474
Highland Park Independent School District (Dallas County),192981,301306,250000,349111
Highland Park Independent School District (Potter County),60152,59513,62245,64803
Hillsboro Independent School District,38860,53490,42764,59126
Hitchcock Independent School District,47962,65863,54837,75108
Holland Independent School District,44653,61404,65500,70642
Holliday Independent School District,73688,83696,80167,95951
Hondo Independent School District,52398,70860,54701,77406
Honey Grove Independent School District,42115,53750,56438,64872
Hooks Independent School District,39875,48533,43869,52949
Houston Independent School District,47717,82490,52943,95942
Howe Independent School District,57033,71665,71531,82733
Hubbard Independent School District,70139,73590,79000,83426
Huckabay Independent School District,39000,69440,71417,95999
Hudson Independent School District,42408,59222,50582,67956
Huffman Independent School District,68964,99783,87983,119576
Hughes Springs Independent School District,42255,52779,49779,61597
Hull-Daisetta Independent School District,47275,56937,67035,66094
Humble Independent School District,84907,110299,100069,122455
Hunt Independent School District,49698,80697,52917,91972
Huntington Independent School District,40625,52349,51048,62327
Huntsville Independent School District,38440,52385,57475,68446
Hurst-Euless-Bedford Independent School District,58893,73348,70426,84147
Hutto Independent School District,74735,86459,76467,86718
Idalou Independent School District,67654,88935,79750,95805
Industrial Independent School District,71992,81724,85477,90585
Ingleside Independent School District,60587,71363,61744,76367
Ingram Independent School District,40045,53408,48333,58071
Iola Independent School District,55161,76896,70417,91505
Iowa Park Consolidated Independent School District,50783,60282,64893,67117
Ira Independent School District,51196,65962,61875,76099
Iraan-Sheffield Independent School District,61429,71772,72734,82149
Iredell Independent School District,34250,73408,53472,107635
Irion County Independent School District,64100,81422,77250,92055
Irving Independent School District,46518,62117,49419,65441
Italy Independent School District,41445,55866,53750,67786
Itasca Independent School District,55230,71359,65739,85550
Jacksboro Independent School District,52637,75864,61103,86095
Jacksonville Independent School District,40381,53658,48705,61177
Jarrell Independent School District,59652,68702,74583,81354
Jasper Independent School District,40027,56009,58529,69222
Jayton-Girard Independent School District,50625,64264,67250,87271
Jefferson Independent School District,35544,52051,48606,63181
Jim Hogg County Independent School District,34769,49931,42328,57323
Jim Ned Consolidated Independent School District,75170,114049,82917,122027
Joaquin Independent School District,46818,64129,54432,71417
Johnson City Independent School District,59924,76958,80806,94363
Jonesboro Independent School District,52188,66940,61042,75136
Joshua Independent School District,65103,80153,74019,86300
Jourdanton Independent School District,56696,68178,69796,80504
Judson Independent School District,60263,70498,65089,75930
Junction Independent School District,40013,51695,50254,63792
Karnack Independent School District,51075,71150,56731,87866
Karnes City Independent School District,46285,82606,51739,87590
Katy Independent School District,97343,121792,110537,132960
Kaufman Independent School District,52695,65584,61571,74039
Keene Independent School District,41575,56476,49688,63670
Keller Independent School District,93782,116422,104261,127286
Kelton Independent School District,76250,78925,68750,73838
Kemp Independent School District,38953,51503,48525,58195
Kenedy County-Wide Common School District,24000,38658,42708,45927
Kenedy Independent School District,39780,62496,47955,63590
Kennard Independent School District,36048,42949,47118,51776
Kennedale Independent School District,72589,84473,80223,90801
Kerens Independent School District,35323,60038,49318,67009
Kermit Independent School District,51250,61503,59334,67518
Kerrville Independent School District,43492,60015,53908,71803
Kilgore Independent School District,56256,66219,65271,75153
Killeen Independent School District,50091,61471,53853,66414
Kingsville Independent School District,39767,51718,49375,61080
Kirbyville Consolidated Independent School District,38300,50938,58281,64188
Klein Independent School District,80612,102718,86521,110564
Klondike Independent School District,77500,105694,108309,128568
Knippa Independent School District,32768,50318,58050,64946
Knox City-O'Brien Consolidated Independent School District,44762,51199,49808,56972
Kopperl Independent School District,42870,50999,47500,60638
Kountze Independent School District,60553,89883,76134,96292
Kress Independent School District,46731,67056,60350,78317
Krum Independent School District,79953,90892,89853,100974
La Feria Independent School District,37029,50994,46101,57871
La Gloria Independent School District,58594,63562,59115,69225
La Grange Independent School District,56881,67340,70596,81982
La Joya Independent School District,29294,42449,30648,43693
La Marque Independent School District,38526,57986,46550,70532
La Porte Independent School District,74766,87293,83379,93784
La Pryor Independent School District,33029,53750,40069,66085
La Vega Independent School District,41712,50023,49256,55638
La Vernia Independent School District,88567,97326,94325,105990
La Villa Independent School District,29875,37548,31977,41499
Lackland Independent School District,60517,64142,61379,64721
Lago Vista Independent School District,75140,98118,84640,117463
Lake Dallas Independent School District,75309,85829,81837,91007
Lake Travis Independent School District,106436,143952,127700,165635
Lake Worth Independent School District,40629,58278,52399,61926
Lamar Consolidated Independent School District,80445,100815,91535,110475
Lamesa Independent School District,41659,61095,53105,66312
Lampasas Independent School District,51531,65057,62405,74454
Lancaster Independent School District,53150,62647,59957,68753
Laneville Independent School District,36103,60810,54306,81497
Lapoynor Independent School District,56929,77579,60857,85312
Laredo Independent School District,25052,35782,28400,38681
Lasara Independent School District,36094,46558,37000,43873
Latexo Independent School District,38333,51328,46319,59421
Lazbuddie Independent School District,47679,82190,51875,89321
Leakey Independent School District,37269,51032,55500,64127
Leander Independent School District,90899,114901,105548,131202
Leary Independent School District,51063,64772,61458,76303
Lefors Independent School District,41350,59881,49167,75146
Leggett Independent School District,43417,55977,46343,56146
Leon Independent School District,42031,77706,47023,71259
Leonard Independent School District,57227,67585,67688,75052
Levelland Independent School District,51154,63163,61559,74568
Leveretts Chapel Independent School District,58672,63695,76250,76441
Lewisville Independent School District,84068,110178,101082,125974
Lexington Independent School District,52078,76614,67230,91439
Liberty Hill Independent School District,87230,109566,101429,118761
Liberty Independent School District,51722,70111,58233,75718
Liberty-Eylau Independent School District,37301,49696,42989,57116
Lindale Independent School District,60380,71181,66196,76949
Linden-Kildare Consolidated Independent School District,38673,46149,46424,56159
Lindsay Independent School District,88317,101362,101458,117896
Lingleville Independent School District,35588,71163,44444,85239
Lipan Independent School District,65385,85773,74737,100631
Little Cypress-Mauriceville Consolidated Independent School District,63938,76704,71385,86369
Little Elm Independent School District,81857,96820,88106,103010
Littlefield Independent School District,41315,54164,50781,63042
Livingston Independent School District,40957,56528,51992,64651
Llano Independent School District,50159,78512,59595,91746
Lockhart Independent School District,51211,62932,56591,67756
Lockney Independent School District,46875,62359,49464,69458
Lohn Independent School District,68250,71015,80833,91147
Lometa Independent School District,37500,50552,48229,60694
London Independent School District,150781,178695,151563,185515
Lone Oak Independent School District,53444,69293,64125,78671
Longview Independent School District,41282,57705,51639,67951
Loop Independent School District,88523,82921,95066,88074
Loraine Independent School District,45417,93110,92941,124179
Lorena Independent School District,82121,87923,90403,92541
Lorenzo Independent School District,48500,66270,51136,67155
Los Fresnos Consolidated Independent School District,44385,58134,46987,60254
Louise Independent School District,51081,72008,66250,91484
Lovejoy Independent School District,120132,177063,128708,188484
Lovelady Independent School District,48375,57868,55208,66753
Lubbock Independent School District,40990,57437,51364,69506
Lubbock-Cooper Independent School District,81001,102834,85866,110500
Lueders-Avoca Independent School District,50682,62642,54141,73070
Lufkin Independent School District,44090,61183,50430,69849
Luling Independent School District,43619,58154,53349,67965
Lumberton Independent School District,65218,80522,81250,93575
Lyford Consolidated Independent School District,27102,41115,31324,44870
Lytle Independent School District,56586,67095,70028,73651
Mabank Independent School District,44291,60008,49888,66161
Madisonville Consolidated Independent School District,43295,58286,49699,64045
Magnolia Independent School District,78692,103853,85594,111210
Malakoff Independent School District,39163,58855,48643,67997
Malone Independent School District,49250,62888,52292,67285
Malta Independent School District,56167,65200,62143,72108
Manor Independent School District,59214,74567,67010,79614
Mansfield Independent School District,84874,101565,93324,109182
Marathon Independent School District,42625,64794,48906,57250
Marble Falls Independent School District,51776,71022,63643,81233
Marfa Independent School District,44420,56474,59028,65424
Marion Independent School District,62440,74346,70941,81823
Marlin Independent School District,33588,40680,41179,51483
Marshall Independent School District,40056,57836,53523,68814
Mart Independent School District,37336,49330,44630,57001
Martins Mill Independent School District,47106,60994,52639,65944
Martinsville Independent School District,53646,62003,59276,69422
Mason Independent School District,38587,57297,50833,69648
Matagorda Independent School District,34779,55457,62813,73770
Mathis Independent School District,40451,53966,41885,58544
Maud Independent School District,41221,55083,55060,63645
May Independent School District,52802,63712,57218,74636
Maypearl Independent School District,63527,81954,82736,97425
McAllen Independent School District,43669,65663,48559,70149
McCamey Independent School District,39550,61204,61094,73876
McDade Independent School District,55820,66262,57241,70098
McGregor Independent School District,42482,63596,57656,76694
McKinney Independent School District,78593,100223,94469,114247
McLean Independent School District,38798,53992,55833,61074
McLeod Independent School District,40625,60336,46875,74903
McMullen County Independent School District,57589,79916,59554,93898
Meadow Independent School District,55000,63513,50568,69313
Medina Independent School District,49973,76438,61786,86456
Medina Valley Independent School District,64375,83109,71075,92326
Melissa Independent School District,85164,104844,90882,111183
Memphis Independent School District,26821,42136,32500,50989
Menard Independent School District,37604,53452,48587,64612
Mercedes Independent School District,30342,43692,34005,47268
Meridian Independent School District,41125,56598,52368,65584
Merkel Independent School District,44779,60526,58262,70130
Mesquite Independent School District,49774,62425,54652,66923
Mexia Independent School District,35797,55322,44743,66727
Meyersville Independent School District,74000,86377,79205,92697
Miami Independent School District,70833,81029,79583,88262
Midland Independent School District,70766,102782,85238,117457
Midlothian Independent School District,88200,101740,95113,108871
Midway Independent School District (Clay County),53636,72557,75568,89903
Midway Independent School District (Jack County),53636,72557,75568,89903
Midway Independent School District (McLennan County),69577,85147,78035,95294
Milano Independent School District,42917,61161,57813,76100
Mildred Independent School District,69583,83304,79091,89565
Miles Independent School District,53618,65745,67500,72168
Milford Independent School District,47500,65392,54904,73369
Miller Grove Independent School District,62500,67608,70833,74868
Millsap Independent School District,56394,72866,67202,77412
Mineola Independent School District,48446,66303,53782,74252
Mineral Wells Independent School District,39169,54690,45890,59376
Mission Consolidated Independent School District,35121,47588,37550,51558
Monahans-Wickett-Pyote Independent School District,59250,74087,75742,90670
Montague Independent School District,44286,61829,48214,70810
Monte Alto Independent School District,38533,40435,43162,43606
Montgomery Independent School District,76089,110513,98669,133102
Moody Independent School District,56071,66745,61000,74606
Moran Independent School District,49375,57635,63281,68289
Morgan Independent School District,39712,60270,43125,65491
Morgan Mill Independent School District,54357,68676,64375,77699
Morton Independent School District,36513,47187,43906,57030
Motley County Independent School District,35577,48561,50833,64572
Moulton Independent School District,56328,82690,66406,93335
Mount Calm Independent School District,42750,49344,42750,52302
Mount Enterprise Independent School District,42935,53478,51071,61712
Mount Pleasant Independent School District,42984,56507,45695,60017
Mount Pleasant Independent School District (9-12) in Winfield,34833,49384,37045,52206
Mount Vernon Independent School District,44535,64965,60982,79495
Muenster Independent School District,71875,91831,88106,109727
Muleshoe Independent School District,39205,47108,43031,51190
Mullin Independent School District,40833,59557,65000,73215
Mumford Independent School District,44583,64245,64583,78052
Munday Consolidated Independent School District,37313,50654,60268,62692
Murchison Independent School District,42813,49813,46667,55091
Nacogdoches Independent School District,34934,53248,48799,68557
Natalia Independent School District,45350,58126,56676,62536
Navarro Independent School District,61538,76241,64030,79122
Navasota Independent School District,47474,61277,59063,72758
Nazareth Independent School District,58750,62273,62375,74511
Neches Independent School District,48889,63850,62411,70642
Nederland Independent School District,63594,84587,76056,91112
Needville Independent School District,68330,84484,75884,92568
New Boston Independent School District,41713,55111,55546,65938
New Braunfels Independent School District,62305,78646,74375,87447
New Caney Independent School District,60096,72730,63695,78684
New Deal Independent School District,50625,64333,53167,66807
New Diana Independent School District,51375,64538,66034,77266
New Home Independent School District,55000,73244,56250,76391
New Summerfield Independent School District,45688,52889,51087,57810
New Waverly Independent School District,55293,70661,75357,85961
Newcastle Independent School District,35956,48233,36667,52702
Newton Independent School District,33141,48698,45656,60033
Nixon-Smiley Consolidated Independent School District,43365,64481,50188,73072
Nocona Independent School District,34381,49291,45321,59385
Nordheim Independent School District,53750,86406,66500,94513
Normangee Independent School District,54464,74727,71667,90025
North East Independent School District,60625,81107,74804,95396
North Hopkins Independent School District,52414,72291,61033,80546
North Lamar Independent School District,55749,71907,62020,82840
North Zulch Independent School District,46708,62053,57273,71173
Northside Independent School District,53750,63070,65625,74721
Northwest Independent School District,91712,104495,100359,113313
Nueces Canyon Consolidated Independent School District,34850,49207,47734,62194
Nursery Independent School District,85368,94417,94038,109048
Oakwood Independent School District,36176,44897,44009,57068
Odem-Edroy Independent School District,51147,62691,55063,65749
O'Donnell Independent School District,37917,60210,48000,69077
Oglesby Independent School District,51786,61883,61250,70977
Olfen Independent School District,31875,51317,45000,68817
Olney Independent School District,44719,55182,52500,63518
Olton Independent School District,38073,54878,43542,62422
Onalaska Independent School District,42800,53059,48631,58385
Orange Grove Independent School District,57800,70635,66451,80368
Orangefield Independent School District,54323,76743,68652,84609
Ore City Independent School District,40526,50895,55448,65831
Overton Independent School District,50735,61260,57500,70870
Paducah Independent School District,33182,45336,44519,56388
Paint Creek Independent School District,40104,53664,42083,63999
Paint Rock Independent School District,52386,77212,58125,78655
Palacios Independent School District,38879,53254,49963,62496
Palestine Independent School District,36250,51921,46923,59967
Palmer Independent School District,61349,72754,62175,76113
Palo Pinto Independent School District,49545,92309,47163,78732
Pampa Independent School District,45538,59735,57142,70551
Panhandle Independent School District,62759,74971,73219,83880
Panther Creek Consolidated Independent School District,41667,50732,50536,60454
Paradise Independent School District,52688,70804,57386,81938
Paris Independent School District,32670,44612,41804,53753
Pasadena Independent School District,46619,58390,51225,63460
Patton Springs Independent School District,48333,55457,63125,67081
Pawnee Independent School District,53750,72586,63214,84583
Pearland Independent School District,93351,110094,103741,121405
Pearsall Independent School District,36998,61734,39621,70316
Peaster Independent School District,80147,87835,88750,97832
Pecos-Barstow-Toyah Independent School District,47038,61503,56767,66014
Penelope Independent School District,57250,65327,64167,71170
Perrin-Whitt Consolidated Independent School District,61250,74336,76923,87037
Perryton Independent School District,50168,71066,58553,81586
Petersburg Independent School District,48400,63275,53977,70211
Petrolia Consolidated Independent School District,47059,60648,57315,68981
Pettus Independent School District,47083,70761,48750,72078
Pewitt Consolidated Independent School District,32183,46746,40381,57895
Pflugerville Independent School District,70559,83383,77129,91886
Pharr-San Juan-Alamo Independent School District,36259,48864,39028,51400
Pilot Point Independent School District,61406,88560,68568,101192
Pine Tree Independent School District,49875,70055,55343,79729
Pittsburg Independent School District,39741,54121,46173,62397
Plains Independent School District,56103,74520,59167,77723
Plainview Independent School District,45073,54388,50864,62492
Plano Independent School District,81392,110285,103299,130296
Pleasant Grove Independent School District,73703,102477,83654,118623
Pleasanton Independent School District,60335,78664,62188,86940
Plemons-Stinnett-Phillips Consolidated Independent School District,45197,72106,49737,75533
Point Isabel Independent School District,37649,59073,48786,66786
Ponder Independent School District,68214,80229,86379,93386
Poolville Independent School District,46250,66543,56250,77564
Port Aransas Independent School District,50231,80445,63354,101362
Port Arthur Independent School District,32231,46045,40610,52620
Port Neches-Groves Independent School District,53098,69069,66390,80909
Post Independent School District,52935,71787,54277,76348
Poteet Independent School District,48037,65646,49814,72690
Poth Independent School District,64097,78230,76000,87276
Pottsboro Independent School District,54473,78932,74488,98865
Prairie Lea Independent School District,46429,64817,55781,81946
Prairie Valley Independent School District,46375,60601,64886,74604
Prairiland Independent School District,41460,52923,47743,59631
Premont Independent School District,33047,44324,37156,52866
Presidio Independent School District,24651,34714,33640,42581
Priddy Independent School District,39028,49070,43750,54475
Princeton Independent School District,53831,68493,64962,80195
Pringle-Morse Consolidated Independent School District,67500,100066,90500,115988
Progreso Independent School District,41960,54819,43640,56970
Prosper Independent School District,115813,136352,127105,147422
Quanah Independent School District,32050,42771,46364,58976
Queen City Independent School District,44922,57650,51786,66757
Quinlan Independent School District,46548,60102,58612,70896
Quitman Independent School District,44956,59688,56635,69385
Rains Independent School District,49980,57939,59279,67627
Ralls Independent School District,39148,47956,42429,53865
Ramirez Common School District,35833,42255,42969,44033
Randolph Field Independent School District,89643,98258,89375,98292
Ranger Independent School District,33384,42474,40291,49135
Rankin Independent School District,56944,75100,69464,79384
Raymondville Independent School District,28414,39509,28684,40418
Reagan County Independent School District,59257,71697,72260,78208
Red Lick Independent School District,74583,83250,79620,89872
Red Oak Independent School District,72778,85281,79299,92714
Redwater Independent School District,59760,71212,68794,78082
Refugio Independent School District,49459,58445,55176,63839
Remainder of Texas,55596,67710,56452,72900
Remainder of Texas,54727,77586,64586,88233
Remainder of Texas,54727,77586,64586,88233
Ricardo Independent School District,53466,74576,65795,80634
Rice Consolidated Independent School District,46062,63492,52198,65906
Rice Independent School District,44153,51889,50735,56914
Richards Independent School District,48889,58984,59861,65311
Richardson Independent School District,54405,83587,68721,100055
Richland Springs Independent School District,55313,63877,66908,74643
Riesel Independent School District,47417,54193,58304,64437
Rio Grande City Consolidated Independent School District,29306,46799,32342,50920
Rio Hondo Independent School District,37834,50586,40377,56345
Rio Vista Independent School District,47260,60597,59620,66824
Rising Star Independent School District,33269,44255,38942,53106
River Road Independent School District,54375,80767,71631,95142
Rivercrest Independent School District,41304,51431,51264,58708
Riviera Independent School District,59205,80709,67813,91694
Robert Lee Independent School District,42424,47599,59417,59496
Robinson Independent School District,75456,85014,81227,89125
Robstown Independent School District,35589,47441,41586,54327
Roby Consolidated Independent School District,41300,63985,48690,57279
Rochelle Independent School District,56250,90882,81250,88964
Rockdale Independent School District,36718,54014,54983,67857
Rocksprings Independent School District,38750,51907,58438,67554
Rockwall Independent School District,93047,113743,104979,126137
Rogers Independent School District,60144,71105,70432,83986
Roma Independent School District,22257,36241,24232,38583
Roosevelt Independent School District,54896,73252,57425,79042
Ropes Independent School District,60000,74628,62743,84184
Roscoe Collegiate Independent School District,55278,74725,64018,85200
Rosebud-Lott Independent School District,41597,53752,53590,61686
Rotan Independent School District,37618,57219,47500,73274
Round Rock Independent School District,78957,97481,95126,112496
Round Top-Carmine Independent School District,42473,84239,69632,109752
Roxton Independent School District,33438,44300,44779,55489
Royal Independent School District,44866,62328,55554,72517
Royse City Independent School District,73837,85013,82786,90005
Rule Independent School District,32500,46366,43000,54847
Runge Independent School District,48173,60155,66250,74544
Rusk Independent School District,40434,52851,48490,62712
S and S Consolidated Independent School District,60017,76624,70714,84525
Sabinal Independent School District,39363,54645,44050,60815
Sabine Independent School District,61548,72317,64795,77410
Sabine Pass Independent School District,40893,96740,65000,128313
Salado Independent School District,90797,104628,102706,116652
Saltillo Independent School District,44755,59655,53182,67443
Sam Rayburn Independent School District,53378,59728,65469,66905
San Angelo Independent School District,45900,64038,58777,74654
San Antonio Independent School District,32047,46127,37542,50954
San Augustine Independent School District,29694,43595,39583,52087
San Benito Consolidated Independent School District,26884,39759,31187,41746
San Diego Independent School District,24766,47697,38750,54100
San Elizario Independent School District,25539,35659,26777,35684
San Felipe-Del Rio Consolidated Independent School District,44124,59252,50583,64810
San Isidro Independent School District,37500,44979,39444,47928
San Marcos Consolidated Independent School District,35670,51220,51824,67911
San Perlita Independent School District,32750,51392,39107,62795
San Saba Independent School District,32556,42811,42589,52406
San Vicente Independent School District,53750,68253,77813,62634
Sands Consolidated Independent School District,46750,62064,54375,67095
Sanford-Fritch Independent School District,52448,65155,58184,75821
Sanger Independent School District,68403,85884,74836,97283
Santa Anna Independent School District,39500,69858,45714,69511
Santa Fe Independent School District,70341,83488,83364,92693
Santa Gertrudis Independent School District,42697,54538,42697,70074
Santa Maria Independent School District,26325,37160,27409,40917
Santa Rosa Independent School District,28806,45027,29000,46281
Santo Independent School District,52839,85595,75550,106916
Savoy Independent School District,42128,47819,48333,56589
Schertz-Cibolo-U City Independent School District,79006,89245,87229,97138
Schleicher Independent School District,59766,71265,69773,83767
Schulenburg Independent School District,46473,66359,60809,72446
Scurry-Rosser Independent School District,51361,66766,65560,81386
Seagraves Independent School District,44851,53870,49083,57340
Sealy Independent School District,62092,77259,71164,89046
Seguin Independent School District,46885,64027,60441,76187
Seminole Independent School District,60028,80280,65483,89300
Seymour Independent School District,34547,62709,52500,77456
Shallowater Independent School District,69150,81115,78725,90092
Shamrock Independent School District,46146,60930,51161,71921
Sharyland Independent School District,58646,82795,62867,88043
Shelbyville Independent School District,43500,63705,59329,80566
Sheldon Independent School District,50478,62733,50855,63827
Shepherd Independent School District,40035,55467,47480,63156
Sherman Independent School District,43562,57853,52390,68253
Shiner Independent School District,48224,75781,60313,89320
Sidney Independent School District,42500,64448,47500,71677
Sierra Blanca Independent School District,39250,51595,46071,55606
Silsbee Independent School District,41111,57100,52562,66046
Silverton Independent School District,48750,57990,52043,68124
Simms Independent School District,44938,53664,57679,59460
Sinton Independent School District,54518,62423,61264,69283
Sivells Bend Independent School District,70000,90487,88750,111774
Skidmore-Tynan Independent School District,43341,56871,46576,62506
Slaton Independent School District,42452,63465,54615,81216
Slidell Independent School District,65213,79219,67368,86029
Slocum Independent School District,41444,55612,50455,69183
Smithville Independent School District,52382,69843,69007,87588
Smyer Independent School District,44205,56455,56750,61853
Snook Independent School District,55833,69269,60909,77481
Snyder Independent School District,55375,68458,66352,80346
Socorro Independent School District,52474,63950,54539,66512
Somerset Independent School District,44328,52196,46875,54854
Somerville Independent School District,49063,57987,49877,59871
Sonora Independent School District,54567,70246,58343,72759
South San Antonio Independent School District,36688,45647,40669,48132
Southland Independent School District,38750,65496,57500,87202
Southside Independent School District,45927,54670,48868,58036
Southwest Independent School District,45213,53902,45883,55155
Spearman Independent School District,41086,57619,45179,65632
Splendora Independent School District,56024,68527,65027,76903
Spring Branch Independent School District,62935,119583,74346,138332
Spring Creek Independent School District,73036,75800,73571,80750
Spring Hill Independent School District,71230,89531,78086,97195
Spring Independent School District,52453,66403,58420,72148
Springlake-Earth Independent School District,50682,57664,58125,64641
Springtown Independent School District,58145,67048,64843,74749
Spur Independent School District,41654,55906,49750,65012
Spurger Independent School District,65349,66023,69464,74253
Saint Jo Independent School District,50481,71645,58684,77352
Stafford Municipal School District,59108,69173,66131,75495
Stamford Independent School District,45727,51326,48917,59945
Stanton Independent School District,60774,83451,74922,100889
Stephenville Independent School District,41340,55872,58291,75190
Stephenville Independent School District (9-12) in Bluff Dale,58750,71076,67500,80084
Sterling City Independent School District,50156,64502,65913,73612
Stockdale Independent School District,50847,64323,64886,72625
Stratford Independent School District,52433,66179,63625,75023
Strawn Independent School District,37679,57833,56389,81083
Sudan Independent School District,41450,62515,53063,73510
Sulphur Bluff Independent School District,58839,65337,68819,74967
Sulphur Springs Independent School District,43489,60304,52681,67315
Sundown Independent School District,49438,73898,68942,87581
Sunnyvale Independent School District,126250,145068,126707,146789
Sunray Independent School District,50859,66812,59205,75277
Sweeny Independent School District,54059,65823,72083,78851
Sweet Home Independent School District,61094,68198,68500,75949
Sweetwater Independent School District,37361,52125,50149,63542
Taft Independent School District,36699,53843,50625,61855
Tahoka Independent School District,40655,62828,55739,75247
Tarkington Independent School District,50038,62344,56118,66111
Tatum Independent School District,49316,66493,61953,75363
Taylor Independent School District,44947,59600,56829,69828
Teague Independent School District,48007,62527,51494,72422
Temple Independent School District,42715,57150,51583,67421
Tenaha Independent School District,31630,50213,41927,59448
Terlingua Common School District,28889,41307,52083,60152
Terrell County Independent School District,24821,45467,37321,65224
Terrell Independent School District,44706,61581,50362,68590
Texarkana Independent School District,33515,54652,42032,61331
Texas City Independent School District,44351,62990,51365,68346
Texhoma Independent School District,55625,85450,63611,100954
Texline Independent School District,57917,78991,72083,96956
Thorndale Independent School District,51014,66150,68750,79797
Thrall Independent School District,55938,77530,81691,94953
Three Rivers Independent School District,44964,62659,64141,77742
Three Way Independent School District,41991,56105,40833,52114
Throckmorton Independent School District,40882,63221,60000,79273
Tidehaven Independent School District,41806,61920,60511,74822
Timpson Independent School District,34931,49265,39714,54318
Tioga Independent School District,52393,67739,60417,74011
Tolar Independent School District,52581,71481,64464,85278
Tom Bean Independent School District,57188,78707,73750,89904
Tomball Independent School District,90579,115391,103221,127535
Tornillo Independent School District,31111,36604,31349,37710
Trent Independent School District,46319,63631,50000,71287
Trenton Independent School District,68346,70312,71207,75252
Trinidad Independent School District,29130,34130,32279,38483
Trinity Independent School District,35182,48918,41781,54513
Troup Independent School District,42852,53237,56198,63380
Troy Independent School District,59494,71856,72778,82534
Tulia Independent School District,34570,47686,46232,56141
Tuloso-Midway Independent School District,53348,72872,57377,80474
Turkey-Quitaque Independent School District,34531,56243,43667,65233
Tyler Independent School District,45081,65725,55679,78494
Union Grove Independent School District,67500,77126,75524,82285
Union Hill Independent School District,43417,55157,49167,64492
United Independent School District,49913,65621,51506,68508
Utopia Independent School District,53555,65370,59917,77364
Uvalde Consolidated Independent School District,38036,50358,45870,58154
Valentine Independent School District,52188,58446,64722,74181
Valley Mills Independent School District,57107,69954,63162,77177
Valley View Independent School District (Cooke County),62500,65846,72188,76897
Valley View Independent School District (Hidalgo County),35904,45080,36702,47155
Van Alstyne Independent School District,70766,80517,90991,94898
Van Independent School District,49358,63131,55656,72208
Van Vleck Independent School District,37145,51939,52417,66821
Vega Independent School District,52159,77705,66875,91274
Venus Independent School District,49171,58975,54022,61674
Veribest Independent School District,57426,63435,66477,69644
Vernon Independent School District,43118,52610,54573,59689
Victoria Independent School District,55130,74378,64112,82282
Vidor Independent School District,46014,61298,55595,69805
Vysehrad Independent School District,65000,81063,54650,86662
Waco Independent School District,30424,45378,40211,55401
Waelder Independent School District,47000,70386,48929,78739
Walcott Independent School District,81500,81292,83125,84198
Wall Independent School District,77303,96995,83095,102222
Waller Independent School District,66598,82736,71491,88276
Walnut Bend Independent School District,33333,65919,33333,81725
Walnut Springs Independent School District,41023,54001,45750,58731
Warren Independent School District,58373,69531,70438,77876
Waskom Independent School District,43875,57338,46157,53142
Water Valley Independent School District,49904,65950,58558,76968
Waxahachie Independent School District,59886,75583,68501,83735
Weatherford Independent School District,61649,78015,71038,88696
Webb Consolidated Independent School District,50341,64924,53000,72160
Weimar Independent School District,58536,84877,77813,110050
Wellington Independent School District,40724,55250,47070,62557
Wellman-Union Consolidated Independent School District,42656,57956,56250,63629
Wells Independent School District,36292,52189,43750,55015
Weslaco Independent School District,32850,47100,37285,50318
West Hardin County Consolidated Independent School District,46682,56872,56587,63967
West Independent School District,58737,66346,68250,76558
West Orange-Cove Consolidated Independent School District,40960,57731,52393,67282
West Oso Independent School District,36822,42849,43444,45300
West Rusk County Consolidated Independent School District,45724,53041,49970,57466
West Sabine Independent School District,29932,43136,34091,54373
Westbrook Independent School District,56838,71057,75417,86149
Westhoff Independent School District,52500,90781,46250,78513
Westphalia Independent School District,57500,64124,70125,74251
Westwood Independent School District,48587,60996,51007,61588
Wharton Independent School District,40091,49976,50142,58075
Wheeler Independent School District,52742,70453,53427,69128
White Deer Independent School District,68750,79337,75417,91941
White Oak Independent School District,56345,66715,57255,69038
White Settlement Independent School District,58648,71480,67040,83457
Whiteface Consolidated Independent School District,49432,74980,61667,77573
Whitehouse Independent School District,61706,77195,73177,87040
Whitesboro Independent School District,53832,62269,65947,72161
Whitewright Independent School District,49891,71722,60000,77773
Whitharral Independent School District,44922,58685,55417,67846
Whitney Independent School District,40571,56629,55472,66128
Wichita Falls Independent School District,42038,60207,55997,74441
Wildorado Independent School District,56250,72495,55625,67611
Willis Independent School District,58555,78068,67133,88244
Wills Point Independent School District,43235,64849,50445,75122
Wilson Independent School District,35909,47368,40962,50347
Wimberley Independent School District,67983,92650,78414,108541
Windthorst Independent School District,63214,72586,71944,82243
Winfield Independent School District,34833,49384,37045,52206
Wink-Loving Independent School District,73125,82857,84375,90937
Winnsboro Independent School District,37172,60514,52463,75893
Winona Independent School District,50500,62338,62208,71765
Winters Independent School District,41139,57312,57717,68664
Woden Independent School District,54693,74671,56480,74929
Wolfe City Independent School District,43860,56947,56471,63599
Woodsboro Independent School District,57656,67324,69234,75109
Woodson Independent School District,33929,48358,65500,70608
Woodville Independent School District,38533,46416,45058,55034
Wortham Independent School District,40489,56021,45833,61270
Wylie Independent School District (Collin County),87319,98048,97056,104422
Wylie Independent School District (Taylor County),78683,96763,89452,104932
Yantis Independent School District,52194,72590,56638,79005
Yoakum Independent School District,44343,59009,47820,66077
Yorktown Independent School District,40161,83540,70208,118707
Ysleta Independent School District,37899,49617,42383,53779
Zapata County Independent School District,36976,48565,39758,53114
Zavalla Independent School District,37610,47238,43828,52137
Zephyr Independent School District,44563,74508,56875,76464
